class, acc_train, acc_dev, loss, val_loss, epochs_run, Fscore, precision, recall
vocalic, 0.7635292410850525, 0.7985518574714661, 0.4847745895385742, 0.44455063343048096, 1, 0.798723997495927, 0.8014608342375251, 0.7985024335454886
consonantal, 0.7635398507118225, 0.7996950745582581, 0.484144002199173, 0.4438364505767822, 1, 0.7998389962317608, 0.8024432561403292, 0.7996162485960314
